{"alphaTest":0,"ambient":[1,1,1],"ambientTint":false,"aoMapChannel":"a","aoMapOffset":[0,0],"aoMapTiling":[10,10],"aoMapUv":0,"aoMapVertexColor":false,"blendType":3,"bumpMapFactor":1,"conserveEnergy":true,"cubeMapProjection":0,"cubeMapProjectionBox":{"center":[0,0,0],"halfExtents":[0.5,0.5,0.5]},"cull":1,"depthTest":true,"depthWrite":true,"diffuse":[1,1,1],"diffuseMap":"../4468152/cement.jpg","diffuseMapChannel":"rgb","diffuseMapOffset":[0,0],"diffuseMapTiling":[10,10],"diffuseMapTint":false,"diffuseMapUv":0,"diffuseMapVertexColor":false,"emissive":[0,0,0],"emissiveIntensity":1,"emissiveMapChannel":"rgb","emissiveMapOffset":[0,0],"emissiveMapTiling":[10,10],"emissiveMapTint":false,"emissiveMapUv":0,"emissiveMapVertexColor":false,"fresnelFactor":0,"fresnelModel":0,"glossMapChannel":"r","glossMapOffset":[0,0],"glossMapTiling":[10,10],"glossMapUv":0,"glossMapVertexColor":false,"heightMapChannel":"r","heightMapFactor":1,"heightMapOffset":[0,0],"heightMapTiling":[10,10],"heightMapUv":0,"lightMapChannel":"rgb","lightMapOffset":[0,0],"lightMapTiling":[10,10],"lightMapUv":1,"lightMapVertexColor":false,"metalness":0,"metalnessMapChannel":"r","metalnessMapOffset":[0,0],"metalnessMapTiling":[10,10],"metalnessMapTint":false,"metalnessMapUv":0,"metalnessMapVertexColor":false,"name":"Ground","normalMap":"../4468151/cement_NRM.jpg","normalMapOffset":[0,0],"normalMapTiling":[10,10],"normalMapUv":0,"occludeSpecular":2,"opacity":1,"opacityMapChannel":"r","opacityMapOffset":[0,0],"opacityMapTiling":[10,10],"opacityMapUv":0,"opacityMapVertexColor":false,"reflectivity":1,"refraction":0,"refractionIndex":0.6666666666666666,"shader":"blinn","shadowSampleType":1,"shininess":11.55,"specular":[0.23,0.23,0.23],"specularAntialias":true,"specularMapChannel":"rgb","specularMapOffset":[0,0],"specularMapTiling":[10,10],"specularMapTint":false,"specularMapUv":0,"specularMapVertexColor":false,"useMetalness":true,"mapping_format":"path"}