{"shader":"blinn","ambient":[0,0,0],"ambientTint":false,"aoMapVertexColor":false,"aoMapChannel":"r","aoMapUv":0,"aoMapTiling":[50,50],"aoMapOffset":[0,0],"occludeSpecular":1,"diffuse":[0.1843137254901961,0.2235294117647059,0.5411764705882353],"diffuseMapVertexColor":false,"diffuseMapChannel":"rgb","diffuseMapUv":0,"diffuseMapTiling":[50,50],"diffuseMapOffset":[0,0],"diffuseMapTint":false,"specular":[0.23,0.23,0.23],"specularMapVertexColor":false,"specularMapChannel":"rgb","specularMapUv":0,"specularMapTiling":[50,50],"specularMapOffset":[0,0],"specularMapTint":false,"specularAntialias":true,"useMetalness":true,"metalnessMapVertexColor":false,"metalnessMapChannel":"r","metalnessMapUv":0,"metalnessMapTiling":[50,50],"metalnessMapOffset":[0,0],"metalnessMapTint":false,"metalness":1,"conserveEnergy":true,"shininess":100,"glossMapVertexColor":false,"glossMapChannel":"r","glossMapUv":0,"glossMapTiling":[50,50],"glossMapOffset":[0,0],"fresnelModel":2,"fresnelFactor":0,"emissive":[0,0,0],"emissiveMapVertexColor":false,"emissiveMapChannel":"rgb","emissiveMapUv":0,"emissiveMapTiling":[50,50],"emissiveMapOffset":[0,0],"emissiveMapTint":false,"emissiveIntensity":1,"normalMap":"../5683714/normal map.png","normalMapTiling":[50,50],"normalMapOffset":[0,0],"normalMapUv":0,"bumpMapFactor":0.188,"heightMapChannel":"r","heightMapUv":0,"heightMapTiling":[50,50],"heightMapOffset":[0,0],"heightMapFactor":1.5,"alphaTest":0,"opacity":1,"opacityMapVertexColor":false,"opacityMapChannel":"r","opacityMapUv":0,"opacityMapTiling":[50,50],"opacityMapOffset":[0,0],"reflectivity":1,"refraction":0,"refractionIndex":0.6666666666666666,"cubeMap":"../5683717/Helipad.json","cubeMapProjection":0,"cubeMapProjectionBox":{"center":[0,0,0],"halfExtents":[4,0.5,4]},"lightMapVertexColor":false,"lightMapChannel":"rgb","lightMapUv":1,"lightMapTiling":[50,50],"lightMapOffset":[0,0],"depthTest":true,"depthWrite":true,"cull":1,"blendType":3,"shadowSampleType":1,"useFog":true,"useLighting":true,"useSkybox":true,"useGammaTonemap":true,"mapping_format":"path"}